ID;Site;Genus;X2013;X2014;X2015;X2016;X2017;Habitat_type
Acropora13;FR3;Acropora;Alive;Lost;Lost;Lost;Lost;Unconsolidated
Goniastrea34;FR3;Goniastrea;Alive;Alive;Lost;Lost;Lost;Consolidated
Goniastrea35;FR3;Goniastrea;Alive;Lost;Lost;Lost;Lost;Consolidated
Goniastrea36;FR3;Goniastrea;Alive;Lost;Lost;Lost;Lost;Consolidated
Goniastrea37;FR3;Goniastrea;Alive;Lost;Lost;Lost;Lost;Consolidated
Goniastrea38;FR3;Goniastrea;Alive;Lost;Lost;Lost;Lost;Consolidated
Goniastrea39;FR3;Goniastrea;Alive;Alive;Alive;Alive;Alive;Consolidated
Goniastrea40;FR3;Goniastrea;Alive;Alive;Dead;Dead;Dead;Consolidated
Goniastrea41;FR3;Goniastrea;Alive;Lost;Lost;Lost;Lost;Unconsolidated
Goniastrea42;FR3;Goniastrea;Alive;Alive;Alive;Alive;Alive;Consolidated
Goniastrea43;FR3;Goniastrea;Alive;Alive;Alive;Alive;Alive;Unconsolidated
Goniastrea44;FR3;Goniastrea;Alive;Alive;Alive;Alive;Alive;Unconsolidated
Hydnophora43;FR3;Hydnophora;Alive;Alive;Alive;Alive;Alive;Consolidated
Hydnophora44;FR3;Hydnophora;Alive;Alive;Alive;Alive;Alive;Consolidated
Astrea42;FR3;Astrea;Alive;Alive;Alive;Alive;Alive;Consolidated
Pavona53;FR3;Pavona;Alive;Alive;Alive;Alive;Alive;Consolidated
Pavona54;FR3;Pavona;Alive;Alive;Lost;Lost;Lost;Consolidated
Pavona55;FR3;Pavona;Alive;Lost;Lost;Lost;Lost;Consolidated
Pavona56;FR3;Pavona;Alive;Lost;Lost;Lost;Lost;Consolidated
Pavona57;FR3;Pavona;Alive;Lost;Lost;Lost;Lost;Consolidated
Pavona59;FR3;Pavona;Alive;Alive;Alive;Alive;Alive;Unconsolidated
Pavona60;FR3;Pavona;Alive;Alive;Alive;Alive;Alive;Unconsolidated
Pocillopora144;FR3;Pocillopora;Alive;Alive;Alive;Dead;Dead;Consolidated
Pocillopora145;FR3;Pocillopora;Alive;Dead;Dead;Dead;Dead;Consolidated
Pocillopora146;FR3;Pocillopora;Alive;Dead;Dead;Dead;Dead;Consolidated
Pocillopora147;FR3;Pocillopora;Alive;Dead;Dead;Dead;Dead;Consolidated
Pocillopora149;FR3;Pocillopora;Alive;Alive;Alive;Alive;Alive;Consolidated
Pocillopora150;FR3;Pocillopora;Alive;Dead;Dead;Dead;Dead;Unconsolidated
Pocillopora151;FR3;Pocillopora;Alive;Dead;Dead;Dead;Dead;Consolidated
Pocillopora152;FR3;Pocillopora;Alive;Dead;Dead;Dead;Dead;Unconsolidated
Pocillopora153;FR3;Pocillopora;Alive;Lost;Lost;Lost;Lost;Consolidated
Pocillopora154;FR3;Pocillopora;Alive;Alive;Alive;Alive;Alive;Consolidated
Pocillopora155;FR3;Pocillopora;Alive;Dead;Dead;Dead;Dead;Consolidated
Pocillopora156;FR3;Pocillopora;Alive;Alive;Alive;Alive;Alive;Unconsolidated
Pocillopora157;FR3;Pocillopora;Alive;Alive;Dead;Dead;Dead;Consolidated
Porites22;FR3;Porites;Alive;Alive;Alive;Alive;Alive;Consolidated
Stylophora20;FR3;Stylophora;Alive;Alive;Alive;Alive;Alive;Consolidated
Stylophora21;FR3;Stylophora;Alive;Alive;Alive;Alive;Alive;Consolidated
Stylophora22;FR3;Stylophora;Alive;Alive;Lost;Lost;Lost;Consolidated
Stylophora23;FR3;Stylophora;Alive;Alive;Alive;Alive;Alive;Consolidated
Stylophora24;FR3;Stylophora;Alive;Alive;Alive;Alive;Alive;Consolidated
Stylophora25;FR3;Stylophora;Alive;Lost;Lost;Lost;Lost;Consolidated
Stylophora26;FR3;Stylophora;Alive;Alive;Alive;Alive;Alive;Consolidated
Stylophora27;FR3;Stylophora;Alive;Alive;Alive;Alive;Alive;Consolidated
Stylophora28;FR3;Stylophora;Alive;Alive;Lost;Lost;Lost;Consolidated
Stylophora29;FR3;Stylophora;Alive;Alive;Alive;Alive;Alive;Consolidated
Stylophora30;FR3;Stylophora;Alive;Alive;Alive;Alive;Alive;Unconsolidated
Stylophora31;FR3;Stylophora;Alive;Lost;Lost;Lost;Lost;Consolidated
Stylophora32;FR3;Stylophora;Alive;Lost;Lost;Lost;Lost;Consolidated
Stylophora33;FR3;Stylophora;Alive;Lost;Lost;Lost;Lost;Consolidated
Stylophora34;FR3;Stylophora;Alive;Lost;Lost;Lost;Lost;Unconsolidated
Stylophora35;FR3;Stylophora;Alive;Alive;Alive;Alive;Alive;Unconsolidated
Stylophora36;FR3;Stylophora;Alive;Alive;Alive;Alive;Alive;Unconsolidated
Stylophora37;FR3;Stylophora;Alive;Alive;Alive;Alive;Alive;Unconsolidated
Stylophora38;FR3;Stylophora;Alive;Alive;Alive;Alive;Alive;Unconsolidated
Stylophora39;FR3;Stylophora;Alive;Alive;Dead;Dead;Dead;Unconsolidated
Stylophora40;FR3;Stylophora;Alive;Alive;Alive;Alive;Alive;Unconsolidated
Stylophora41;FR3;Stylophora;Alive;Alive;Alive;Alive;Alive;Unconsolidated
Stylophora42;FR3;Stylophora;Alive;Alive;Alive;Alive;Alive;Unconsolidated
Stylophora43;FR3;Stylophora;Alive;Alive;Alive;Dead;Dead;Unconsolidated
Stylophora44;FR3;Stylophora;Alive;Dead;Dead;Dead;Dead;Consolidated
Stylophora45;FR3;Stylophora;Alive;Alive;Alive;Alive;Alive;Consolidated
Stylophora46;FR3;Stylophora;Alive;Alive;Alive;Alive;Alive;Consolidated
Stylophora47;FR3;Stylophora;Alive;Alive;Alive;Alive;Alive;Consolidated
Stylophora48;FR3;Stylophora;Alive;Alive;Alive;Alive;Alive;Consolidated
Stylophora49;FR3;Stylophora;Alive;Dead;Dead;Dead;Dead;Unconsolidated
Acropora1;FR4;Acropora;Alive;Alive;Alive;Alive;Alive;Consolidated
Acropora2;FR4;Acropora;Alive;Alive;Alive;Alive;Alive;Consolidated
Goniastrea10;FR4;Goniastrea;Alive;Lost;Lost;Lost;Lost;Consolidated
Goniastrea12;FR4;Goniastrea;Alive;Lost;Lost;Lost;Lost;Consolidated
Goniastrea13;FR4;Goniastrea;Alive;Alive;Alive;Alive;Alive;Consolidated
Goniastrea14;FR4;Goniastrea;Alive;Alive;Alive;Alive;Alive;Consolidated
Goniastrea16;FR4;Goniastrea;Alive;Dead;Dead;Dead;Dead;Consolidated
Goniastrea17;FR4;Goniastrea;Alive;Alive;Alive;Alive;Alive;Consolidated
Goniastrea18;FR4;Goniastrea;Alive;Alive;Alive;Alive;Alive;Consolidated
Goniastrea9;FR4;Goniastrea;Alive;Alive;Alive;Alive;Alive;Unconsolidated
Hydnophora10;FR4;Hydnophora;Alive;Lost;Lost;Lost;Lost;Consolidated
Hydnophora11;FR4;Hydnophora;Alive;Lost;Lost;Lost;Lost;Consolidated
Hydnophora12;FR4;Hydnophora;Alive;Lost;Lost;Lost;Lost;Consolidated
Astrea20;FR4;Astrea;Alive;Alive;Alive;Alive;Alive;Consolidated
Astrea21;FR4;Astrea;Alive;Alive;Alive;Alive;Alive;Consolidated
Astrea22;FR4;Astrea;Alive;Alive;Alive;Alive;Alive;Consolidated
Pavona14;FR4;Pavona;Alive;Alive;Alive;Alive;Alive;Consolidated
Pavona16;FR4;Pavona;Alive;Alive;Alive;Alive;Alive;Consolidated
Pavona17;FR4;Pavona;Alive;Alive;Alive;Alive;Dead;Unconsolidated
Pavona18;FR4;Pavona;Alive;Alive;Alive;Alive;Alive;Consolidated
Pavona19;FR4;Pavona;Alive;Alive;Dead;Dead;Dead;Consolidated
Pavona20;FR4;Pavona;Alive;Alive;Alive;Alive;Alive;Consolidated
Pavona21;FR4;Pavona;Alive;Alive;Alive;Alive;Alive;Consolidated
Pavona22;FR4;Pavona;Alive;Alive;Dead;Dead;Dead;Consolidated
Pavona23;FR4;Pavona;Alive;Lost;Lost;Lost;Lost;Unconsolidated
Pavona24;FR4;Pavona;Alive;Alive;Alive;Alive;Alive;Consolidated
Pavona25;FR4;Pavona;Alive;Alive;Lost;Lost;Lost;Consolidated
Pavona26;FR4;Pavona;Alive;Alive;Alive;Alive;Alive;Consolidated
Pavona27;FR4;Pavona;Alive;Alive;Alive;Alive;Alive;Consolidated
Pavona28;FR4;Pavona;Alive;Alive;Alive;Alive;Alive;Consolidated
Pavona29;FR4;Pavona;Alive;Lost;Lost;Lost;Lost;Consolidated
Pocillopora27;FR4;Pocillopora;Alive;Dead;Dead;Dead;Dead;Consolidated
Pocillopora28;FR4;Pocillopora;Alive;Alive;Alive;Dead;Dead;Consolidated
Pocillopora29;FR4;Pocillopora;Alive;Dead;Dead;Dead;Dead;Unconsolidated
Pocillopora30;FR4;Pocillopora;Alive;Alive;Alive;Alive;Alive;Consolidated
Pocillopora31;FR4;Pocillopora;Alive;Alive;Alive;Alive;Alive;Consolidated
Pocillopora32;FR4;Pocillopora;Alive;Dead;Dead;Dead;Dead;Consolidated
Pocillopora33;FR4;Pocillopora;Alive;Alive;Alive;Alive;Alive;Consolidated
Pocillopora34;FR4;Pocillopora;Alive;Alive;Alive;Dead;Dead;Consolidated
Pocillopora35;FR4;Pocillopora;Alive;Alive;Alive;Alive;Alive;Consolidated
Pocillopora36;FR4;Pocillopora;Alive;Dead;Dead;Dead;Dead;Consolidated
Pocillopora37;FR4;Pocillopora;Alive;Lost;Lost;Lost;Lost;Unconsolidated
Pocillopora38;FR4;Pocillopora;Alive;Dead;Dead;Dead;Dead;Consolidated
Pocillopora39;FR4;Pocillopora;Alive;Dead;Dead;Dead;Dead;Consolidated
Pocillopora40;FR4;Pocillopora;Alive;Alive;Alive;Alive;Alive;Consolidated
Pocillopora41;FR4;Pocillopora;Alive;Dead;Dead;Dead;Dead;Consolidated
Pocillopora42;FR4;Pocillopora;Alive;Alive;Alive;Alive;Alive;Consolidated
Pocillopora43;FR4;Pocillopora;Alive;Alive;Alive;Alive;Alive;Consolidated
Pocillopora44;FR4;Pocillopora;Alive;Alive;Dead;Dead;Dead;Consolidated
Pocillopora45;FR4;Pocillopora;Alive;Alive;Alive;Alive;Alive;Consolidated
Pocillopora46;FR4;Pocillopora;Alive;Alive;Dead;Dead;Dead;Consolidated
Pocillopora47;FR4;Pocillopora;Alive;Dead;Dead;Dead;Dead;Consolidated
Pocillopora48;FR4;Pocillopora;Alive;Alive;Alive;Alive;Alive;Consolidated
Pocillopora49;FR4;Pocillopora;Alive;Alive;Alive;Alive;Alive;Unconsolidated
Pocillopora51;FR4;Pocillopora;Alive;Alive;Alive;Alive;Alive;Consolidated
Pocillopora52;FR4;Pocillopora;Alive;Alive;Alive;Alive;Alive;Consolidated
Pocillopora53;FR4;Pocillopora;Alive;Alive;Alive;Alive;Dead;Consolidated
Pocillopora54;FR4;Pocillopora;Alive;Dead;Dead;Dead;Dead;Consolidated
Pocillopora55;FR4;Pocillopora;Alive;Dead;Dead;Dead;Dead;Consolidated
Pocillopora56;FR4;Pocillopora;Alive;Alive;Alive;Alive;Alive;Unconsolidated
Pocillopora57;FR4;Pocillopora;Alive;Alive;Lost;Lost;Lost;Consolidated
Porites12;FR4;Porites;Alive;Alive;Lost;Lost;Lost;Consolidated
Porites13;FR4;Porites;Alive;Alive;Lost;Lost;Lost;Unconsolidated
Porites14;FR4;Porites;Alive;Alive;Lost;Lost;Lost;Unconsolidated
Porites15;FR4;Porites;Alive;Lost;Lost;Lost;Lost;Consolidated
Stylophora1;FR4;Stylophora;Alive;Alive;Alive;Alive;Alive;Consolidated
Stylophora10;FR4;Stylophora;Alive;Alive;Alive;Alive;Alive;Unconsolidated
Stylophora11;FR4;Stylophora;Alive;Alive;Lost;Lost;Lost;Unconsolidated
Stylophora12;FR4;Stylophora;Alive;Alive;Alive;Alive;Alive;Unconsolidated
Stylophora13;FR4;Stylophora;Alive;Alive;Alive;Alive;Alive;Consolidated
Stylophora14;FR4;Stylophora;Alive;Alive;Alive;Alive;Alive;Consolidated
Stylophora15;FR4;Stylophora;Alive;Alive;Alive;Alive;Alive;Consolidated
Stylophora16;FR4;Stylophora;Alive;Lost;Lost;Lost;Lost;Consolidated
Stylophora17;FR4;Stylophora;Alive;Alive;Alive;Alive;Dead;Consolidated
Stylophora18;FR4;Stylophora;Alive;Alive;Alive;Alive;Alive;Consolidated
Stylophora19;FR4;Stylophora;Alive;Alive;Dead;Dead;Dead;Consolidated
Stylophora2;FR4;Stylophora;Alive;Alive;Alive;Dead;Dead;Consolidated
Stylophora3;FR4;Stylophora;Alive;Lost;Lost;Lost;Lost;Unconsolidated
Stylophora4;FR4;Stylophora;Alive;Dead;Dead;Dead;Dead;Consolidated
Stylophora5;FR4;Stylophora;Alive;Alive;Alive;Alive;Alive;Consolidated
Stylophora6;FR4;Stylophora;Alive;Alive;Alive;Alive;Alive;Consolidated
Stylophora8;FR4;Stylophora;Alive;Alive;Alive;Alive;Alive;Consolidated
Stylophora9;FR4;Stylophora;Alive;Alive;Alive;Alive;Alive;Consolidated
Acropora10;FR40;Acropora;Alive;Alive;Alive;Alive;Alive;Consolidated
Acropora11;FR40;Acropora;Alive;Lost;Lost;Lost;Lost;Consolidated
Acropora12;FR40;Acropora;Alive;Alive;Dead;Dead;Dead;Consolidated
Acropora3;FR40;Acropora;Alive;Alive;Alive;Alive;Dead;Consolidated
Acropora4;FR40;Acropora;Alive;Alive;Alive;Alive;Alive;Consolidated
Acropora5;FR40;Acropora;Alive;Alive;Alive;Alive;Alive;Consolidated
Acropora6;FR40;Acropora;Alive;Lost;Lost;Lost;Lost;Consolidated
Acropora7;FR40;Acropora;Alive;Lost;Lost;Lost;Lost;Consolidated
Acropora8;FR40;Acropora;Alive;Lost;Lost;Lost;Lost;Consolidated
Acropora9;FR40;Acropora;Alive;Lost;Lost;Lost;Lost;Consolidated
Goniastrea19;FR40;Goniastrea;Alive;Dead;Dead;Dead;Dead;Consolidated
Goniastrea20;FR40;Goniastrea;Alive;Alive;Dead;Dead;Dead;Unconsolidated
Goniastrea21;FR40;Goniastrea;Alive;Alive;Alive;Alive;Alive;Unconsolidated
Goniastrea22;FR40;Goniastrea;Alive;Alive;Alive;Alive;Alive;Consolidated
Goniastrea23;FR40;Goniastrea;Alive;Alive;Alive;Alive;Alive;Consolidated
Goniastrea24;FR40;Goniastrea;Alive;Alive;Alive;Alive;Dead;Unconsolidated
Goniastrea26;FR40;Goniastrea;Alive;Alive;Alive;Alive;Alive;Unconsolidated
Goniastrea27;FR40;Goniastrea;Alive;Dead;Dead;Dead;Dead;Unconsolidated
Goniastrea28;FR40;Goniastrea;Alive;Alive;Alive;Alive;Alive;Unconsolidated
Goniastrea29;FR40;Goniastrea;Alive;Alive;Alive;Alive;Dead;Consolidated
Goniastrea30;FR40;Goniastrea;Alive;Alive;Alive;Alive;Dead;Consolidated
Goniastrea31;FR40;Goniastrea;Alive;Alive;Alive;Alive;Alive;Consolidated
Goniastrea32;FR40;Goniastrea;Alive;Alive;Alive;Alive;Alive;Consolidated
Goniastrea33;FR40;Goniastrea;Alive;Alive;Alive;Alive;Alive;Consolidated
Favites10;FR40;Favites;Alive;Alive;Alive;Alive;Alive;Unconsolidated
Favites11;FR40;Favites;Alive;Alive;Alive;Alive;Alive;Consolidated
Favites13;FR40;Favites;Alive;Lost;Lost;Lost;Lost;Consolidated
Favites14;FR40;Favites;Alive;Lost;Lost;Lost;Lost;Consolidated
Favites5;FR40;Favites;Alive;Dead;Dead;Dead;Dead;Unconsolidated
Favites6;FR40;Favites;Alive;Lost;Lost;Lost;Lost;Consolidated
Favites7;FR40;Favites;Alive;Alive;Dead;Dead;Dead;Unconsolidated
Favites8;FR40;Favites;Alive;Lost;Lost;Lost;Lost;Consolidated
Hydnophora13;FR40;Hydnophora;Alive;Alive;Lost;Lost;Lost;Consolidated
Hydnophora14;FR40;Hydnophora;Alive;Alive;Alive;Alive;Alive;Consolidated
Hydnophora15;FR40;Hydnophora;Alive;Lost;Lost;Lost;Lost;Consolidated
Hydnophora16;FR40;Hydnophora;Alive;Alive;Alive;Alive;Lost;Consolidated
Hydnophora18;FR40;Hydnophora;Alive;Lost;Lost;Lost;Lost;Consolidated
Hydnophora19;FR40;Hydnophora;Alive;Alive;Alive;Alive;Alive;Consolidated
Hydnophora20;FR40;Hydnophora;Alive;Dead;Dead;Dead;Dead;Consolidated
Hydnophora22;FR40;Hydnophora;Alive;Alive;Alive;Alive;Alive;Consolidated
Hydnophora23;FR40;Hydnophora;Alive;Alive;Alive;Alive;Alive;Consolidated
Hydnophora24;FR40;Hydnophora;Alive;Alive;Alive;Alive;Alive;Consolidated
Hydnophora25;FR40;Hydnophora;Alive;Alive;Alive;Alive;Alive;Unconsolidated
Hydnophora26;FR40;Hydnophora;Alive;Lost;Lost;Lost;Lost;Consolidated
Hydnophora27;FR40;Hydnophora;Alive;Alive;Alive;Alive;Alive;Consolidated
Hydnophora28;FR40;Hydnophora;Alive;Lost;Lost;Lost;Lost;Consolidated
Hydnophora29;FR40;Hydnophora;Alive;Alive;Alive;Alive;Alive;Consolidated
Hydnophora30;FR40;Hydnophora;Alive;Alive;Alive;Dead;Dead;Consolidated
Hydnophora31;FR40;Hydnophora;Alive;Alive;Alive;Alive;Alive;Consolidated
Hydnophora32;FR40;Hydnophora;Alive;Alive;Alive;Alive;Alive;Unconsolidated
Hydnophora33;FR40;Hydnophora;Alive;Dead;Dead;Dead;Dead;Consolidated
Hydnophora34;FR40;Hydnophora;Alive;Alive;Alive;Alive;Alive;Consolidated
Hydnophora35;FR40;Hydnophora;Alive;Alive;Alive;Alive;Alive;Consolidated
Hydnophora36;FR40;Hydnophora;Alive;Lost;Lost;Lost;Lost;Consolidated
Hydnophora37;FR40;Hydnophora;Alive;Lost;Lost;Lost;Lost;Consolidated
Hydnophora38;FR40;Hydnophora;Alive;Lost;Lost;Lost;Lost;Consolidated
Hydnophora39;FR40;Hydnophora;Alive;Alive;Alive;Alive;Alive;Consolidated
Hydnophora40;FR40;Hydnophora;Alive;Alive;Alive;Alive;Alive;Consolidated
Hydnophora41;FR40;Hydnophora;Alive;Alive;Alive;Alive;Alive;Consolidated
Hydnophora42;FR40;Hydnophora;Alive;Alive;Alive;Alive;Alive;Consolidated
Leptastrea3;FR40;Leptastrea;Alive;Alive;Lost;Lost;Lost;Consolidated
Astrea23;FR40;Astrea;Alive;Alive;Alive;Alive;Alive;Unconsolidated
Astrea26;FR40;Astrea;Alive;Lost;Lost;Lost;Lost;Consolidated
Astrea27;FR40;Astrea;Alive;Alive;Alive;Alive;Alive;Consolidated
Astrea28;FR40;Astrea;Alive;Alive;Alive;Alive;Dead;Unconsolidated
Astrea29;FR40;Astrea;Alive;Alive;Alive;Alive;Alive;Consolidated
Astrea30;FR40;Astrea;Alive;Alive;Alive;Alive;Alive;Consolidated
Astrea31;FR40;Astrea;Alive;Alive;Alive;Lost;Lost;Consolidated
Astrea32;FR40;Astrea;Alive;Lost;Lost;Lost;Lost;Consolidated
Astrea33;FR40;Astrea;Alive;Alive;Alive;Alive;Alive;Consolidated
Astrea34;FR40;Astrea;Alive;Alive;Alive;Alive;Alive;Consolidated
Astrea35;FR40;Astrea;Alive;Lost;Lost;Lost;Lost;Consolidated
Astrea36;FR40;Astrea;Alive;Alive;Dead;Dead;Dead;Unconsolidated
Astrea37;FR40;Astrea;Alive;Alive;Alive;Alive;Alive;Consolidated
Astrea39;FR40;Astrea;Alive;Alive;Alive;Alive;Alive;Consolidated
Astrea40;FR40;Astrea;Alive;Alive;Alive;Lost;Lost;Consolidated
Astrea41;FR40;Astrea;Alive;Alive;Alive;Dead;Dead;Unconsolidated
Pavona30;FR40;Pavona;Alive;Lost;Lost;Lost;Lost;Consolidated
Pavona31;FR40;Pavona;Alive;Dead;Dead;Dead;Dead;Consolidated
Pavona32;FR40;Pavona;Alive;Lost;Lost;Lost;Lost;Consolidated
Pavona33;FR40;Pavona;Alive;Alive;Alive;Alive;Alive;Consolidated
Pavona34;FR40;Pavona;Alive;Alive;Alive;Alive;Alive;Consolidated
Pavona35;FR40;Pavona;Alive;Alive;Lost;Lost;Lost;Consolidated
Pavona36;FR40;Pavona;Alive;Alive;Alive;Alive;Alive;Consolidated
Pavona37;FR40;Pavona;Alive;Dead;Dead;Dead;Dead;Consolidated
Pavona38;FR40;Pavona;Alive;Lost;Lost;Lost;Lost;Unconsolidated
Pavona39;FR40;Pavona;Alive;Alive;Alive;Alive;Alive;Unconsolidated
Pavona40;FR40;Pavona;Alive;Alive;Dead;Dead;Dead;Unconsolidated
Pavona41;FR40;Pavona;Alive;Lost;Lost;Lost;Lost;Consolidated
Pavona42;FR40;Pavona;Alive;Lost;Lost;Lost;Lost;Unconsolidated
Pavona43;FR40;Pavona;Alive;Lost;Lost;Lost;Lost;Consolidated
Pavona45;FR40;Pavona;Alive;Alive;Alive;Alive;Alive;Consolidated
Pavona46;FR40;Pavona;Alive;Alive;Alive;Alive;Alive;Consolidated
Pavona47;FR40;Pavona;Alive;Alive;Lost;Lost;Lost;Consolidated
Pavona48;FR40;Pavona;Alive;Alive;Alive;Alive;Alive;Consolidated
Pavona49;FR40;Pavona;Alive;Lost;Lost;Lost;Lost;Consolidated
Pavona50;FR40;Pavona;Alive;Alive;Lost;Lost;Lost;Consolidated
Pavona51;FR40;Pavona;Alive;Alive;Lost;Lost;Lost;Consolidated
Pavona52;FR40;Pavona;Alive;Alive;Alive;Alive;Alive;Consolidated
Platygyra1;FR40;Platygyra;Alive;Alive;Alive;Alive;Alive;Unconsolidated
Platygyra2;FR40;Platygyra;Alive;Alive;Alive;Alive;Alive;Consolidated
Platygyra3;FR40;Platygyra;Alive;Alive;Alive;Alive;Alive;Unconsolidated
Pocillopora100;FR40;Pocillopora;Alive;Alive;Alive;Alive;Alive;Consolidated
Pocillopora101;FR40;Pocillopora;Alive;Alive;Dead;Dead;Dead;Consolidated
Pocillopora102;FR40;Pocillopora;Alive;Alive;Dead;Dead;Dead;Consolidated
Pocillopora104;FR40;Pocillopora;Alive;Dead;Dead;Dead;Dead;Consolidated
Pocillopora105;FR40;Pocillopora;Alive;Dead;Dead;Dead;Dead;Consolidated
Pocillopora106;FR40;Pocillopora;Alive;Dead;Dead;Dead;Dead;Consolidated
Pocillopora107;FR40;Pocillopora;Alive;Alive;Lost;Lost;Lost;Unconsolidated
Pocillopora108;FR40;Pocillopora;Alive;Dead;Dead;Dead;Dead;Unconsolidated
Pocillopora109;FR40;Pocillopora;Alive;Dead;Dead;Dead;Dead;Consolidated
Pocillopora110;FR40;Pocillopora;Alive;Lost;Lost;Lost;Lost;Consolidated
Pocillopora111;FR40;Pocillopora;Alive;Alive;Alive;Dead;Dead;Consolidated
Pocillopora112;FR40;Pocillopora;Alive;Alive;Alive;Dead;Dead;Consolidated
Pocillopora114;FR40;Pocillopora;Alive;Dead;Dead;Dead;Dead;Unconsolidated
Pocillopora115;FR40;Pocillopora;Alive;Alive;Alive;Alive;Dead;Consolidated
Pocillopora116;FR40;Pocillopora;Alive;Lost;Lost;Lost;Lost;Consolidated
Pocillopora118;FR40;Pocillopora;Alive;Alive;Alive;Dead;Dead;Consolidated
Pocillopora119;FR40;Pocillopora;Alive;Alive;Lost;Lost;Lost;Unconsolidated
Pocillopora120;FR40;Pocillopora;Alive;Alive;Lost;Lost;Lost;Consolidated
Pocillopora121;FR40;Pocillopora;Alive;Alive;Alive;Alive;Alive;Consolidated
Pocillopora122;FR40;Pocillopora;Alive;Alive;Alive;Alive;Dead;Consolidated
Pocillopora123;FR40;Pocillopora;Alive;Dead;Dead;Dead;Dead;Consolidated
Pocillopora124;FR40;Pocillopora;Alive;Alive;Lost;Lost;Lost;Consolidated
Pocillopora125;FR40;Pocillopora;Alive;Alive;Lost;Lost;Lost;Consolidated
Pocillopora126;FR40;Pocillopora;Alive;Dead;Dead;Dead;Dead;Consolidated
Pocillopora127;FR40;Pocillopora;Alive;Dead;Dead;Dead;Dead;Consolidated
Pocillopora128;FR40;Pocillopora;Alive;Alive;Dead;Dead;Dead;Unconsolidated
Pocillopora129;FR40;Pocillopora;Alive;Alive;Dead;Dead;Dead;Unconsolidated
Pocillopora130;FR40;Pocillopora;Alive;Dead;Dead;Dead;Dead;Consolidated
Pocillopora132;FR40;Pocillopora;Alive;Lost;Lost;Lost;Lost;Unconsolidated
Pocillopora133;FR40;Pocillopora;Alive;Dead;Dead;Dead;Dead;Consolidated
Pocillopora134;FR40;Pocillopora;Alive;Alive;Alive;Alive;Lost;Consolidated
Pocillopora135;FR40;Pocillopora;Alive;Alive;Dead;Dead;Dead;Consolidated
Pocillopora136;FR40;Pocillopora;Alive;Alive;Lost;Lost;Lost;Consolidated
Pocillopora137;FR40;Pocillopora;Alive;Lost;Lost;Lost;Lost;Consolidated
Pocillopora138;FR40;Pocillopora;Alive;Alive;Dead;Dead;Dead;Consolidated
Pocillopora139;FR40;Pocillopora;Alive;Alive;Dead;Dead;Dead;Consolidated
Pocillopora140;FR40;Pocillopora;Alive;Alive;Alive;Dead;Dead;Unconsolidated
Pocillopora141;FR40;Pocillopora;Alive;Alive;Alive;Alive;Dead;Consolidated
Pocillopora142;FR40;Pocillopora;Alive;Alive;Alive;Alive;Alive;Consolidated
Pocillopora58;FR40;Pocillopora;Alive;Alive;Lost;Lost;Lost;Consolidated
Pocillopora60;FR40;Pocillopora;Alive;Alive;Alive;Alive;Alive;Consolidated
Pocillopora61;FR40;Pocillopora;Alive;Alive;Dead;Dead;Dead;Consolidated
Pocillopora62;FR40;Pocillopora;Alive;Alive;Lost;Lost;Lost;Consolidated
Pocillopora63;FR40;Pocillopora;Alive;Alive;Dead;Dead;Dead;Consolidated
Pocillopora64;FR40;Pocillopora;Alive;Dead;Dead;Dead;Dead;Consolidated
Pocillopora65;FR40;Pocillopora;Alive;Lost;Lost;Lost;Lost;Consolidated
Pocillopora66;FR40;Pocillopora;Alive;Alive;Alive;Alive;Alive;Unconsolidated
Pocillopora67;FR40;Pocillopora;Alive;Alive;Dead;Dead;Dead;Unconsolidated
Pocillopora68;FR40;Pocillopora;Alive;Alive;Alive;Alive;Dead;Consolidated
Pocillopora69;FR40;Pocillopora;Alive;Alive;Alive;Alive;Alive;Unconsolidated
Pocillopora70;FR40;Pocillopora;Alive;Alive;Dead;Dead;Dead;Consolidated
Pocillopora71;FR40;Pocillopora;Alive;Alive;Dead;Dead;Dead;Consolidated
Pocillopora72;FR40;Pocillopora;Alive;Dead;Dead;Dead;Dead;Consolidated
Pocillopora73;FR40;Pocillopora;Alive;Dead;Dead;Dead;Dead;Consolidated
Pocillopora74;FR40;Pocillopora;Alive;Dead;Dead;Dead;Dead;Consolidated
Pocillopora75;FR40;Pocillopora;Alive;Alive;Alive;Alive;Dead;Consolidated
Pocillopora76;FR40;Pocillopora;Alive;Dead;Dead;Dead;Dead;Consolidated
Pocillopora77;FR40;Pocillopora;Alive;Alive;Alive;Dead;Dead;Unconsolidated
Pocillopora78;FR40;Pocillopora;Alive;Lost;Lost;Lost;Lost;Consolidated
Pocillopora79;FR40;Pocillopora;Alive;Dead;Dead;Dead;Dead;Unconsolidated
Pocillopora80;FR40;Pocillopora;Alive;Lost;Lost;Lost;Lost;Unconsolidated
Pocillopora81;FR40;Pocillopora;Alive;Alive;Alive;Alive;Alive;Unconsolidated
Pocillopora82;FR40;Pocillopora;Alive;Alive;Dead;Dead;Dead;Consolidated
Pocillopora83;FR40;Pocillopora;Alive;Alive;Alive;Alive;Alive;Consolidated
Pocillopora84;FR40;Pocillopora;Alive;Alive;Alive;Alive;Dead;Consolidated
Pocillopora85;FR40;Pocillopora;Alive;Dead;Dead;Dead;Dead;Unconsolidated
Pocillopora86;FR40;Pocillopora;Alive;Dead;Dead;Dead;Dead;Consolidated
Pocillopora87;FR40;Pocillopora;Alive;Dead;Dead;Dead;Dead;Unconsolidated
Pocillopora88;FR40;Pocillopora;Alive;Alive;Alive;Alive;Lost;Unconsolidated
Pocillopora89;FR40;Pocillopora;Alive;Alive;Dead;Dead;Dead;Unconsolidated
Pocillopora90;FR40;Pocillopora;Alive;Alive;Alive;Lost;Lost;Unconsolidated
Pocillopora91;FR40;Pocillopora;Alive;Alive;Alive;Alive;Dead;Unconsolidated
Pocillopora92;FR40;Pocillopora;Alive;Lost;Lost;Lost;Lost;Consolidated
Pocillopora93;FR40;Pocillopora;Alive;Alive;Alive;Dead;Dead;Unconsolidated
Pocillopora94;FR40;Pocillopora;Alive;Alive;Dead;Dead;Dead;Consolidated
Pocillopora95;FR40;Pocillopora;Alive;Dead;Dead;Dead;Dead;Consolidated
Pocillopora96;FR40;Pocillopora;Alive;Dead;Dead;Dead;Dead;Consolidated
Pocillopora97;FR40;Pocillopora;Alive;Alive;Lost;Lost;Lost;Unconsolidated
Pocillopora98;FR40;Pocillopora;Alive;Lost;Lost;Lost;Lost;Consolidated
Pocillopora99;FR40;Pocillopora;Alive;Alive;Alive;Alive;Alive;Consolidated
Porites16;FR40;Porites;Alive;Alive;Dead;Dead;Dead;Consolidated
Porites17;FR40;Porites;Alive;Lost;Lost;Lost;Lost;Consolidated
Porites18;FR40;Porites;Alive;Lost;Lost;Lost;Lost;Consolidated
Porites19;FR40;Porites;Alive;Lost;Lost;Lost;Lost;Unconsolidated
Porites20;FR40;Porites;Alive;Alive;Alive;Alive;Alive;Unconsolidated
Porites21;FR40;Porites;Alive;Lost;Lost;Lost;Lost;Consolidated
Goniastrea1;FR69;Goniastrea;Alive;Alive;Alive;Alive;Alive;Consolidated
Goniastrea2;FR69;Goniastrea;Alive;Alive;Alive;Alive;Alive;Consolidated
Goniastrea3;FR69;Goniastrea;Alive;Alive;Alive;Alive;Alive;Unconsolidated
Goniastrea4;FR69;Goniastrea;Alive;Alive;Alive;Alive;Alive;Consolidated
Goniastrea5;FR69;Goniastrea;Alive;Alive;Alive;Alive;Alive;Consolidated
Goniastrea6;FR69;Goniastrea;Alive;Alive;Alive;Alive;Alive;Consolidated
Goniastrea7;FR69;Goniastrea;Alive;Lost;Lost;Lost;Lost;Unconsolidated
Favites1;FR69;Favites;Alive;Alive;Alive;Alive;Alive;Consolidated
Favites2;FR69;Favites;Alive;Lost;Lost;Lost;Lost;Consolidated
Favites3;FR69;Favites;Alive;Alive;Alive;Alive;Alive;Consolidated
Hydnophora1;FR69;Hydnophora;Alive;Alive;Alive;Alive;Alive;Consolidated
Hydnophora2;FR69;Hydnophora;Alive;Alive;Alive;Alive;Alive;Unconsolidated
Hydnophora3;FR69;Hydnophora;Alive;Lost;Lost;Lost;Lost;Consolidated
Hydnophora4;FR69;Hydnophora;Alive;Alive;Alive;Alive;Alive;Consolidated
Hydnophora5;FR69;Hydnophora;Alive;Alive;Alive;Alive;Alive;Consolidated
Hydnophora6;FR69;Hydnophora;Alive;Alive;Alive;Alive;Alive;Consolidated
Hydnophora7;FR69;Hydnophora;Alive;Alive;Alive;Alive;Alive;Consolidated
Hydnophora8;FR69;Hydnophora;Alive;Alive;Alive;Alive;Alive;Consolidated
Hydnophora9;FR69;Hydnophora;Alive;Alive;Alive;Alive;Dead;Consolidated
Leptastrea1;FR69;Leptastrea;Alive;Alive;Alive;Lost;Lost;Consolidated
Leptastrea2;FR69;Leptastrea;Alive;Lost;Lost;Lost;Lost;Consolidated
Astrea1;FR69;Astrea;Alive;Alive;Alive;Alive;Alive;Unconsolidated
Astrea10;FR69;Astrea;Alive;Alive;Alive;Alive;Alive;Consolidated
Astrea11;FR69;Astrea;Alive;Alive;Alive;Alive;Alive;Consolidated
Astrea12;FR69;Astrea;Alive;Alive;Alive;Alive;Alive;Consolidated
Astrea13;FR69;Astrea;Alive;Alive;Alive;Alive;Alive;Unconsolidated
Astrea15;FR69;Astrea;Alive;Alive;Alive;Dead;Dead;Consolidated
Astrea16;FR69;Astrea;Alive;Alive;Alive;Alive;Alive;Consolidated
Astrea17;FR69;Astrea;Alive;Alive;Alive;Alive;Dead;Consolidated
Astrea18;FR69;Astrea;Alive;Alive;Alive;Alive;Alive;Consolidated
Astrea19;FR69;Astrea;Alive;Alive;Alive;Alive;Alive;Consolidated
Astrea2;FR69;Astrea;Alive;Alive;Alive;Alive;Alive;Consolidated
Astrea3;FR69;Astrea;Alive;Alive;Alive;Alive;Alive;Consolidated
Astrea4;FR69;Astrea;Alive;Lost;Lost;Lost;Lost;Consolidated
Astrea5;FR69;Astrea;Alive;Lost;Lost;Lost;Lost;Consolidated
Astrea6;FR69;Astrea;Alive;Alive;Alive;Alive;Alive;Consolidated
Astrea7;FR69;Astrea;Alive;Alive;Alive;Alive;Alive;Unconsolidated
Astrea8;FR69;Astrea;Alive;Alive;Alive;Alive;Alive;Unconsolidated
Pavona1;FR69;Pavona;Alive;Lost;Lost;Lost;Lost;Consolidated
Pavona10;FR69;Pavona;Alive;Lost;Lost;Lost;Lost;Consolidated
Pavona11;FR69;Pavona;Alive;Alive;Lost;Lost;Lost;Consolidated
Pavona12;FR69;Pavona;Alive;Alive;Alive;Lost;Lost;Unconsolidated
Pavona13;FR69;Pavona;Alive;Lost;Lost;Lost;Lost;Consolidated
Pavona2;FR69;Pavona;Alive;Alive;Alive;Alive;Alive;Consolidated
Pavona4;FR69;Pavona;Alive;Lost;Lost;Lost;Lost;Consolidated
Pavona5;FR69;Pavona;Alive;Lost;Lost;Lost;Lost;Consolidated
Pavona6;FR69;Pavona;Alive;Lost;Lost;Lost;Lost;Consolidated
Pavona7;FR69;Pavona;Alive;Lost;Lost;Lost;Lost;Unconsolidated
Pavona8;FR69;Pavona;Alive;Lost;Lost;Lost;Lost;Consolidated
Pavona9;FR69;Pavona;Alive;Alive;Alive;Alive;Alive;Consolidated
Pocillopora1;FR69;Pocillopora;Alive;Alive;Lost;Lost;Lost;Consolidated
Pocillopora10;FR69;Pocillopora;Alive;Alive;Alive;Dead;Dead;Consolidated
Pocillopora12;FR69;Pocillopora;Alive;Alive;Alive;Alive;Alive;Consolidated
Pocillopora14;FR69;Pocillopora;Alive;Alive;Alive;Alive;Alive;Consolidated
Pocillopora15;FR69;Pocillopora;Alive;Alive;Alive;Alive;Alive;Consolidated
Pocillopora16;FR69;Pocillopora;Alive;Alive;Alive;Alive;Lost;Consolidated
Pocillopora17;FR69;Pocillopora;Alive;Dead;Dead;Dead;Dead;Consolidated
Pocillopora18;FR69;Pocillopora;Alive;Alive;Alive;Dead;Dead;Consolidated
Pocillopora19;FR69;Pocillopora;Alive;Dead;Dead;Dead;Dead;Consolidated
Pocillopora2;FR69;Pocillopora;Alive;Alive;Alive;Alive;Dead;Consolidated
Pocillopora20;FR69;Pocillopora;Alive;Dead;Dead;Dead;Dead;Consolidated
Pocillopora22;FR69;Pocillopora;Alive;Dead;Dead;Dead;Dead;Unconsolidated
Pocillopora23;FR69;Pocillopora;Alive;Alive;Alive;Alive;Alive;Consolidated
Pocillopora24;FR69;Pocillopora;Alive;Dead;Dead;Dead;Dead;Consolidated
Pocillopora25;FR69;Pocillopora;Alive;Alive;Alive;Alive;Alive;Consolidated
Pocillopora26;FR69;Pocillopora;Alive;Alive;Alive;Alive;Alive;Consolidated
Pocillopora4;FR69;Pocillopora;Alive;Lost;Lost;Lost;Lost;Consolidated
Pocillopora5;FR69;Pocillopora;Alive;Alive;Alive;Alive;Alive;Consolidated
Pocillopora6;FR69;Pocillopora;Alive;Lost;Lost;Lost;Lost;Consolidated
Pocillopora7;FR69;Pocillopora;Alive;Alive;Alive;Alive;Alive;Consolidated
Pocillopora8;FR69;Pocillopora;Alive;Dead;Dead;Dead;Dead;Consolidated
Pocillopora9;FR69;Pocillopora;Alive;Alive;Alive;Alive;Dead;Consolidated
Porites1;FR69;Porites;Alive;Lost;Lost;Lost;Lost;Consolidated
Porites10;FR69;Porites;Alive;Lost;Lost;Lost;Lost;Consolidated
Porites3;FR69;Porites;Alive;Lost;Lost;Lost;Lost;Consolidated
Porites4;FR69;Porites;Alive;Lost;Lost;Lost;Lost;Consolidated
Porites5;FR69;Porites;Alive;Lost;Lost;Lost;Lost;Consolidated
Porites7;FR69;Porites;Alive;Dead;Dead;Dead;Dead;Consolidated
Porites9;FR69;Porites;Alive;Lost;Lost;Lost;Lost;Consolidated
Turbinaria1;FR69;Turbinaria;Alive;Alive;Alive;Alive;Alive;Consolidated
Acropora14;FR9;Acropora;Alive;Lost;Lost;Lost;Lost;Consolidated
Acropora15;FR9;Acropora;Alive;Alive;Lost;Lost;Lost;Consolidated
Goniastrea45;FR9;Goniastrea;Alive;Alive;Dead;Dead;Dead;Consolidated
Goniastrea46;FR9;Goniastrea;Alive;Alive;Alive;Alive;Alive;Consolidated
Goniastrea47;FR9;Goniastrea;Alive;Alive;Alive;Alive;Alive;Consolidated
Goniastrea48;FR9;Goniastrea;Alive;Alive;Lost;Lost;Lost;Consolidated
Goniastrea49;FR9;Goniastrea;Alive;Alive;Alive;Alive;Alive;Unconsolidated
Goniastrea50;FR9;Goniastrea;Alive;Alive;Alive;Alive;Alive;Consolidated
Goniastrea51;FR9;Goniastrea;Alive;Dead;Dead;Dead;Dead;Consolidated
Goniastrea52;FR9;Goniastrea;Alive;Dead;Dead;Dead;Dead;Unconsolidated
Favites15;FR9;Favites;Alive;Dead;Dead;Dead;Dead;Consolidated
Hydnophora45;FR9;Hydnophora;Alive;Dead;Dead;Dead;Dead;Consolidated
Astrea43;FR9;Astrea;Alive;Alive;Alive;Alive;Alive;Consolidated
Astrea44;FR9;Astrea;Alive;Alive;Alive;Dead;Dead;Unconsolidated
Astrea45;FR9;Astrea;Alive;Alive;Alive;Alive;Alive;Consolidated
Astrea46;FR9;Astrea;Alive;Alive;Alive;Alive;Alive;Consolidated
Astrea47;FR9;Astrea;Alive;Alive;Dead;Dead;Dead;Consolidated
Astrea48;FR9;Astrea;Alive;Lost;Lost;Lost;Lost;Consolidated
Pavona61;FR9;Pavona;Alive;Lost;Lost;Lost;Lost;Consolidated
Pavona63;FR9;Pavona;Alive;Alive;Alive;Alive;Alive;Consolidated
Pavona64;FR9;Pavona;Alive;Alive;Alive;Alive;Alive;Consolidated
Pavona65;FR9;Pavona;Alive;Alive;Alive;Alive;Alive;Unconsolidated
Pocillopora158;FR9;Pocillopora;Alive;Lost;Lost;Lost;Lost;Consolidated
Pocillopora159;FR9;Pocillopora;Alive;Lost;Lost;Lost;Lost;Consolidated
Pocillopora160;FR9;Pocillopora;Alive;Alive;Alive;Dead;Dead;Consolidated
Pocillopora161;FR9;Pocillopora;Alive;Alive;Alive;Alive;Alive;Consolidated
Pocillopora162;FR9;Pocillopora;Alive;Alive;Alive;Alive;Alive;Consolidated
Pocillopora163;FR9;Pocillopora;Alive;Dead;Dead;Dead;Dead;Consolidated
Pocillopora164;FR9;Pocillopora;Alive;Alive;Alive;Alive;Alive;Consolidated
Pocillopora165;FR9;Pocillopora;Alive;Alive;Alive;Alive;Alive;Unconsolidated
Pocillopora166;FR9;Pocillopora;Alive;Alive;Alive;Alive;Alive;Consolidated
Pocillopora167;FR9;Pocillopora;Alive;Alive;Lost;Lost;Lost;Consolidated
Pocillopora168;FR9;Pocillopora;Alive;Alive;Lost;Lost;Lost;Unconsolidated
Pocillopora169;FR9;Pocillopora;Alive;Alive;Alive;Alive;Alive;Unconsolidated
Pocillopora171;FR9;Pocillopora;Alive;Dead;Dead;Dead;Dead;Consolidated
Pocillopora172;FR9;Pocillopora;Alive;Dead;Dead;Dead;Dead;Unconsolidated
Pocillopora173;FR9;Pocillopora;Alive;Alive;Alive;Alive;Alive;Consolidated
Pocillopora174;FR9;Pocillopora;Alive;Alive;Alive;Alive;Alive;Unconsolidated
Pocillopora175;FR9;Pocillopora;Alive;Alive;Alive;Alive;Alive;Unconsolidated
Pocillopora176;FR9;Pocillopora;Alive;Alive;Alive;Alive;Alive;Consolidated
Pocillopora177;FR9;Pocillopora;Alive;Dead;Dead;Dead;Dead;Consolidated
Pocillopora178;FR9;Pocillopora;Alive;Alive;Alive;Alive;Alive;Consolidated
Porites23;FR9;Porites;Alive;Alive;Lost;Lost;Lost;Unconsolidated
Stylophora100;FR9;Stylophora;Alive;Alive;Alive;Alive;Alive;Consolidated
Stylophora101;FR9;Stylophora;Alive;Alive;Alive;Alive;Alive;Consolidated
Stylophora102;FR9;Stylophora;Alive;Dead;Dead;Dead;Dead;Consolidated
Stylophora103;FR9;Stylophora;Alive;Alive;Alive;Dead;Dead;Consolidated
Stylophora104;FR9;Stylophora;Alive;Alive;Alive;Alive;Alive;Consolidated
Stylophora105;FR9;Stylophora;Alive;Lost;Lost;Lost;Lost;Unconsolidated
Stylophora106;FR9;Stylophora;Alive;Lost;Lost;Lost;Lost;Unconsolidated
Stylophora107;FR9;Stylophora;Alive;Alive;Dead;Dead;Dead;Unconsolidated
Stylophora108;FR9;Stylophora;Alive;Lost;Lost;Lost;Lost;Unconsolidated
Stylophora109;FR9;Stylophora;Alive;Alive;Dead;Dead;Dead;Consolidated
Stylophora110;FR9;Stylophora;Alive;Alive;Lost;Lost;Lost;Consolidated
Stylophora111;FR9;Stylophora;Alive;Alive;Alive;Alive;Alive;Consolidated
Stylophora112;FR9;Stylophora;Alive;Alive;Alive;Alive;Dead;Consolidated
Stylophora113;FR9;Stylophora;Alive;Alive;Alive;Alive;Alive;Unconsolidated
Stylophora114;FR9;Stylophora;Alive;Alive;Alive;Alive;Alive;Unconsolidated
Stylophora115;FR9;Stylophora;Alive;Alive;Alive;Dead;Dead;Consolidated
Stylophora116;FR9;Stylophora;Alive;Alive;Alive;Alive;Alive;Consolidated
Stylophora117;FR9;Stylophora;Alive;Alive;Dead;Dead;Dead;Consolidated
Stylophora118;FR9;Stylophora;Alive;Alive;Alive;Alive;Alive;Consolidated
Stylophora119;FR9;Stylophora;Alive;Alive;Alive;Dead;Dead;Consolidated
Stylophora120;FR9;Stylophora;Alive;Dead;Dead;Dead;Dead;Consolidated
Stylophora121;FR9;Stylophora;Alive;Alive;Lost;Lost;Lost;Consolidated
Stylophora122;FR9;Stylophora;Alive;Alive;Dead;Dead;Dead;Consolidated
Stylophora123;FR9;Stylophora;Alive;Alive;Alive;Alive;Alive;Consolidated
Stylophora124;FR9;Stylophora;Alive;Alive;Dead;Dead;Dead;Consolidated
Stylophora125;FR9;Stylophora;Alive;Alive;Alive;Alive;Alive;Consolidated
Stylophora50;FR9;Stylophora;Alive;Alive;Alive;Alive;Alive;Consolidated
Stylophora51;FR9;Stylophora;Alive;Lost;Lost;Lost;Lost;Consolidated
Stylophora52;FR9;Stylophora;Alive;Alive;Lost;Lost;Lost;Consolidated
Stylophora53;FR9;Stylophora;Alive;Lost;Lost;Lost;Lost;Consolidated
Stylophora54;FR9;Stylophora;Alive;Lost;Lost;Lost;Lost;Consolidated
Stylophora55;FR9;Stylophora;Alive;Lost;Lost;Lost;Lost;Consolidated
Stylophora56;FR9;Stylophora;Alive;Alive;Alive;Alive;Alive;Consolidated
Stylophora57;FR9;Stylophora;Alive;Dead;Dead;Dead;Dead;Consolidated
Stylophora58;FR9;Stylophora;Alive;Alive;Alive;Alive;Alive;Consolidated
Stylophora59;FR9;Stylophora;Alive;Alive;Alive;Alive;Alive;Consolidated
Stylophora60;FR9;Stylophora;Alive;Alive;Alive;Alive;Alive;Consolidated
Stylophora61;FR9;Stylophora;Alive;Alive;Alive;Alive;Alive;Unconsolidated
Stylophora62;FR9;Stylophora;Alive;Lost;Lost;Lost;Lost;Consolidated
Stylophora63;FR9;Stylophora;Alive;Dead;Dead;Dead;Dead;Consolidated
Stylophora64;FR9;Stylophora;Alive;Alive;Dead;Dead;Dead;Unconsolidated
Stylophora65;FR9;Stylophora;Alive;Lost;Lost;Lost;Lost;Unconsolidated
Stylophora66;FR9;Stylophora;Alive;Alive;Lost;Lost;Lost;Consolidated
Stylophora67;FR9;Stylophora;Alive;Alive;Alive;Alive;Alive;Consolidated
Stylophora68;FR9;Stylophora;Alive;Alive;Alive;Dead;Dead;Consolidated
Stylophora69;FR9;Stylophora;Alive;Alive;Dead;Dead;Dead;Consolidated
Stylophora70;FR9;Stylophora;Alive;Lost;Lost;Lost;Lost;Unconsolidated
Stylophora71;FR9;Stylophora;Alive;Lost;Lost;Lost;Lost;Consolidated
Stylophora72;FR9;Stylophora;Alive;Alive;Alive;Alive;Alive;Consolidated
Stylophora73;FR9;Stylophora;Alive;Alive;Lost;Lost;Lost;Consolidated
Stylophora74;FR9;Stylophora;Alive;Alive;Alive;Dead;Dead;Consolidated
Stylophora75;FR9;Stylophora;Alive;Alive;Lost;Lost;Lost;Consolidated
Stylophora76;FR9;Stylophora;Alive;Lost;Lost;Lost;Lost;Consolidated
Stylophora77;FR9;Stylophora;Alive;Dead;Dead;Dead;Dead;Consolidated
Stylophora78;FR9;Stylophora;Alive;Dead;Dead;Dead;Dead;Consolidated
Stylophora79;FR9;Stylophora;Alive;Lost;Lost;Lost;Lost;Consolidated
Stylophora80;FR9;Stylophora;Alive;Alive;Lost;Lost;Lost;Consolidated
Stylophora81;FR9;Stylophora;Alive;Alive;Alive;Dead;Dead;Consolidated
Stylophora82;FR9;Stylophora;Alive;Dead;Dead;Dead;Dead;Consolidated
Stylophora83;FR9;Stylophora;Alive;Dead;Dead;Dead;Dead;Consolidated
Stylophora84;FR9;Stylophora;Alive;Alive;Alive;Dead;Dead;Consolidated
Stylophora85;FR9;Stylophora;Alive;Lost;Lost;Lost;Lost;Consolidated
Stylophora86;FR9;Stylophora;Alive;Alive;Alive;Alive;Alive;Consolidated
Stylophora90;FR9;Stylophora;Alive;Dead;Dead;Dead;Dead;Consolidated
Stylophora91;FR9;Stylophora;Alive;Alive;Alive;Dead;Dead;Consolidated
Stylophora92;FR9;Stylophora;Alive;Alive;Alive;Alive;Alive;Consolidated
Stylophora93;FR9;Stylophora;Alive;Alive;Dead;Dead;Dead;Consolidated
Stylophora94;FR9;Stylophora;Alive;Alive;Alive;Dead;Dead;Unconsolidated
Stylophora95;FR9;Stylophora;Alive;Alive;Alive;Alive;Alive;Unconsolidated
Stylophora96;FR9;Stylophora;Alive;Alive;Alive;Alive;Alive;Consolidated
Stylophora97;FR9;Stylophora;Alive;Alive;Dead;Dead;Dead;Consolidated
Stylophora98;FR9;Stylophora;Alive;Alive;Alive;Alive;Alive;Consolidated
Stylophora99;FR9;Stylophora;Alive;Alive;Dead;Dead;Dead;Unconsolidated
Turbinaria2;FR9;Turbinaria;Alive;Lost;Lost;Lost;Lost;Consolidated
Turbinaria3;FR9;Turbinaria;Alive;Alive;Alive;Alive;Alive;Unconsolidated
Turbinaria4;FR9;Turbinaria;Alive;Alive;Dead;Dead;Dead;Consolidated
Turbinaria5;FR9;Turbinaria;Alive;Alive;Alive;Alive;Alive;Consolidated
